Personalities,Personalities-Hints,Sex,Sex-Hints,Finance,Finance-Hints,Relationships,Relationships-Hints,Crime,Crime-Hints,Religion,Religion-Hints,Traveling,Traveling-Hints,Health,Health-Hints,Social Problems,Social Problems-Hints
Grumpy,,Nude,,Brand,,Cheat,,Steal,,Christianity,,Hitchhike,,Overweight,,Bribary
Outgoing,,Whore,,Marketing,,Date,,Rob,,Islam,,Couchsurf,,Jog,,Corruption
Easygoing,,Get laid,,CV,,Go out with,,Mug,,Judaism,,Journey,,Fit,,Conspiracy theories
HDHD,,Slut,,Resume,,Cheesy,,Riot,,Atheist,,Trip,,Forearm,,Hoarding
Psychopath,,Gigolo,,Position,,Clingy,,Riot police,,Hinduism,,Travel,,Wide lats,,Overpopulation
Sociopath,,Grope,,Strength,,Jealous,,Harass,,Buddhism,,Return ticket,,Pectorals,,Addiction,
Shy,,Intercourse,,Weakness,,Cheat on,,Harassment,,The devil,,Carry-on,,Pecs,,Vegan
Depression,,Contraceptives,,Experience,,Break up with,,Molest,,Theist,,Baggage,,Abs,,Vegetarian
OCD,,Get it on,,Branch,,Have an affair,,Drug dealer,,The Torah,,Luggage,,Thighs,,Recycle
PMS,,Condom,,Savings Account,,Propose,,Drug lord,,Thy,,Board,,Calves,,Go green
Moody,,Do somebody,,Checking Account,,Single,,Shoplift,,Thee,,Aisle seat,,Hamstrings,,Racism
Asperger,,Moan,,ATM,,Engaged,,Catcall,,Yee,,Layover,,Biceps,,Xenophobia
Schizophrenia,,Blowjob,,Withdraw,,Married,,Jail,,Thou,,Stopover,,Triceps,,Poverty
PTSD,,Cum,,Withdrawal,,Divorced,,Prison,,Cult,,Deck,,Crunches,,Inequality
Autism,,Orgasm,,Transfer,,Widow,,Imprisonment,,The mass,,Flight,,Push-ups,,
Alzheimer,,Escort,,Charge,,Widower,,Stab,,Worship service,,Turbulence,,Pull-ups,,
Bias,,Hoe,,CD,,Fling,,Murder,,The tenth,,Arrival,,Sit-ups,,
Smart,,STD,,Pension,,Open relationship,,Manslaughter,,The offering,,Gate,,Plank,,
Savvy,,Missionary,,Retire,,Polyamorous relationship,,A fine,,Sacrifice,,Check in,,Jumping Jacks,,
Polite,,Doggy-style,,Stock Market,,Bootycall,,Finger prints,,Seventh-day adventist,,Take off,,Burpees,,
Messy,,Cowgirl,,Real State,,Friend with benefits,,Foot prints,,Pentecostal,,Land,,Squats,,
Mean,,Reverse cowgirl,,Utilities,,,,Sketch,,Mormon,,Passport,,Stretch,,
Bossy,,Spoon,,Bill,,,,Sentence,,Catholic,,Flight attendant,,Workout,,
Naive,,Flick the bean,,Cash,,,,Burglar,,Jehova's Witness,,Customs,,Warm up,,
Cheerful,,Jerk off,,Interest,,,,Thief,,Baptism,,Duty-free,,Warm down,,
Thoughtful,,Spank the monkey,,Balance,,,,Con artist,,Heaven,,Jetlag,,Sauna,,
Selfish,,Rub one out,,Expenses,,,,Scam artist,,Hell,,Fasten,,Steam room,,
Coward,,Wank it,,Income,,,,Scam,,God,,Seatbelt,,Stationary Bicycle,,
Touchy,,Clitoris,,Salary,,,,Rapist,,Goddess,,,,Barbell,,
Greedy,,Nipples,,Tax,,,,Pickpocket,,Forgive,,,,Pull-up bar,,
Absent-minded,,Dick,,,,,,Shoot,,Shiva,,,,Bench press,,
Wise,,Libido,,,,,,Con,,Zeus,,,,Dumbbells,,
,,G spot,,,,,,Kidnap,,The Lord,,,,Jumping rope,,
,,Dry hump,,,,,,Highjack,,Muhammad,,,,Surgery,,
,,Facial,,,,,,Torture,,Punishment,,,,Vaccine,,
,,Fetich,,,,,,Arrest,,Purgatory,,,,ER,,
,,Kinky,,,,,,Misdemeanour,,Soul,,,,Mask,,
